sentiment,title,content
Positif,"Terkait Tragedi dan Rusuh di Wamena, Begini Imbauan Tokoh Minangkabau","Terkait Tragedi dan Rusuh di Wamena, Begini Imbauan Tokoh Minangkabau - Ketua Mahkamah Adat Alam Minangkabau (MAAM) Tengku Irwansyah, mengimbau kepada semua elemen di Minangkabau, untuk bisa sabar dan ikhlas menyikapi rusuh yang terjadi di Wamena, Papua. Seperti diketahui, sejumlah warga asal Sumatera Barat jadi korban dalam rusuh yang terjadi pada 23 September 2019 lalu tersebut. ""Mengimbau dengan tulus kepada semua pihak, niniek mamak, alim ulama dan cadiek pandai, Tungku Tigo Sajarangan di Minangkabau untuk bisa sabar dan ikhlas menerima cobaan ini. Jangan melakukan tindakan balas dendam,"" imbaunya, usai pertemuan dengan Komandan Korem 032/Wirabraja Brigjen Kunto Arif Wibowo di Padang, Senin 30 September 2019. Dilansir republika, pihaknya juga mengimbau agar tidak ada provokasi melakukan agitasi serta memobilisasi anak nagari Minangkabau untuk melakukan tindakan balas dendam. Dalam momen seperti ini, saatnya warga Minangkabau mempraktekkan nilai-nilai keminangkabauan. Yaitu filosofi Adat Basandi Syarak, Syarak Basandi Kitabullah (ABS SBK). Tak hanya itu, pihaknya juga mengingatkan warga Sumbar agar hati-hati menyikapi informasi yang simpang siur di sosial media. Terlebih informasi yang memuat ujaran kebencian dan hasutan untuk membalas kejadian di Wamena. Menurutnya, MAAM tidak mau Indonesia tercabik-cabik oleh ulah provokator. ""Biarkan aparat kepolisian yang menindaklanjutinya,"" ujar Irwansyah. Sementara itu, Danrem Kunto Arif Wibowo mengatakan pihaknya siap mendukung upaya tokoh adat dan tokoh masyarakat untuk meredam provokasi pasca tragedi Wamena. Menurut Kunto menyebut perlu kerja sama semua pihak untuk menangkal isu-isu yang bersifat provokatif agar situasi pascakejadian Wamena tidak semakin 'panas'. Ditambahkannya, aparat TNI dan Polri saat ini sudah membuat kondisi di Wamena berangsur membaik. Kunto mendapat informasi bahwa semua warga Wamena saat ini bersama-sama ingin memulihkan keadaan di kota tersebut supaya kembali aman, normal seperti semula. ***"
Positif,Gubernur Papua Lukas Enembe Minta Maaf Atas Kerusuhan di Wamena GenPI.co,"Gubernur Papua Lukas Enembe Minta Maaf Atas Kerusuhan di Wamena GenPI.co - Gubernur Papua Lukas Enembe meminta maaf atas kerusuahan yang terjadi di Wamena, akibat hoaks yang beredar. Lukas memastikan untuk saat ini kondisi Wamena sudah kondusif berkat koordinasi Pemerintah Daerah, TNI dan Polri. ""Saudara-saudaraku masyarakat dari suku Minangkabau, Makassar, Bugis, Toraja, Minahasa, Jawa, Madura, Sunda, Maluku dan NTT, serta suku bangsa Indonesia lainnya di manapun saudara berada di seluruh Indonesia. Kami menyampaikan permohonan maaf dan rasa belangsungkawa sebesar-besarnya bagi masyarakat yang menjadi korban kerusuhan di Wamena,"" kata Lukas Enembe di Papua, Senin (30/9). Wamena Berdarah, 1.261 Warga Eksodus Jokowi: Saya Harap Warga Wamena Tak Terpancing Provokasi Lanjut Membaca"
Positif,"13 Polisi Diperiksa Atas Tewasnya 2 Mahasiswa Dalam Aksi Demo di Kendari, Cari Penembak Peluru Tajam Investigasi tewasnya 2 mahasiswa dalam Aksi demo Mahasiswa di Kendari Berlanjut 13 Polisi pemilik senjata api ditahan dan diperiksa","13 Polisi Diperiksa Atas Tewasnya 2 Mahasiswa Dalam Aksi Demo di Kendari, Cari Penembak Peluru Tajam Investigasi tewasnya 2 mahasiswa dalam Aksi demo Mahasiswa di Kendari Berlanjut 13 Polisi pemilik senjata api ditahan dan diperiksa SURYAMALANG.COM - Dugaan tindakan polisi yang salah dalam kasus tewas nya dua mahasiswa peserta aksi demo mahasiswa di Kendari semakin mengerucut karena sudah ada 13 polisi yang diperiksa. Dari 13 polisi yang diperiksa itu tidak menutup kemungkinan ada pelaku yang dijadikan tersangka. Tim investigasi internal kepolisian telah memeriksa 13 polisi pasca kerusuhan saat aksi demo yang menewaskan dua mahasiswa Universitas Halu Oleo (UHO) di Kendari, Kamis (26/9/2019) lalu. Kabiro Penmas Mabes Polri Brigjen Pol Dedi Prasetyo mengatakan, selain meminta keterangan, tim juga telah menarik 13 pucuk senjata dari 13 personel polisi itu. Dan ke 13 personel polisi pemilik senjata itu, juga sudah kita mintai keterangan. Temuan itu nanti akan disampaikan Kapolda Sultra yang baru dilantik, Brigjen Merdisyam, ujar Dedi saat dihubungi, Senin (30/9/2019). Dedi mengatakan, tim investigasi juga menemukan tiga proyektil dari hasil olah tempat kejadian perkara (TKP). Proyekti tersebut sudah dikirim ke Makassar untuk dilakukan uji balistik oleh tim labolatorium forensik (Labfor) dan tim inafis. Kapolda yang baru juga akan berkoordinasi dengan pemerintah daerah (Pemda) dan pihak terkait lainya, seperti Komnas HAM dan Ombudsman terkait investigasi bersama untuk mengusut tuntas kasus ini."
Negatif,"Mahasiswa Tertembak Peluru Karet, Dilarikan ke RSAL Mintohardjo Suara.com","Mahasiswa Tertembak Peluru Karet, Dilarikan ke RSAL Mintohardjo Suara.com - Seorang mahasiswa berinisial F dari kampus di Jakarta tertembak peluru karet milik kepolisian saat kerusuhan di kawasan Bendungan Hilir, Jakarta Pusat, Senin (30/9/2019) malam. Mahasiswa itu akhirnya dilarikan ke Rumah Sakit Angkatan Laut (RSAL). Kepada Suara.com , mahasiswa itu mengaku awalnya hendak mencari temannya untuk mengajaknya pulang di kawasan Pejompongan. Namun kerusuhan kembali pecah di depannya. ""Saya nyari teman, terus ketahan di depan halte di Pejompongan,"" ujar F di RSAL Mintohardjo, Senin (30/9/2019). F mengaku ditembak saat bergerombol dengan beberapa orang. Namun, menurutnya, hanya sedikit mahasiswa dan kebanyakan merupakan siswa STM. Ia akhirnya memutuskan untuk lari menjauh dari polisi. Namun, kakinya tiba-tiba terasa sakit karena ternyata telah tertembak peluru karet. ""Pelurunya ada dua jenis, bulat warna oranye sama yang lebih kecil warna hitam. Keras banget kayak karet mati,"" kata F. Karena tembakan peluru karet itu, kakinya berdarah dan sedikit berlubang. F langsung dibopong ke RSAL Mintohardjo."
Positif,Panglima TNI Minta Seluruh Komponen Bangsa Menahan Diri TRIBUNJOGJA.COM,"Panglima TNI Minta Seluruh Komponen Bangsa Menahan Diri TRIBUNJOGJA.COM - Panglima TNI Marsekal Hadi Tjahjanto meminta seluruh komponen bangsa agar bisa menahan diri. Masyarakat Indonesia belum cukup dewasa dalam menjalani kehidupan berbangsa dan bernegara, ujar Panglima. Pernyataan Panglima itu disampaikan melalui sepucuk surat yang dibacakan Kepala Staf TNI Angkatan Laut (KSAL) Laksamana TNI Siwi Sukma Adji dalam acara doa bersama dalam rangka HUT TNI Ke-74 dan untuk pahlawan revolusi di Plaza Mabes TNI, Cilangkap, Jakarta Timur, Senin (30/9/2019) malam.. ""Kehidupan berbangsa dan bernegara sedang menghadapi cobaan di usia ke-74 tahun, ternyata belum cukup dewasa,"" ujar Panglima, sebagaimana dikutip Antara. Saat ini, kata Hadi, tantangan yang dihadapi bangsa Indonesia semakin rumit dan berbagai bencana serta peristiwa bertubi-tubi terjadi. Gempa bumi dan letusan gunung berapi, kekeringan, kebakaran hutan serta lahan, kerusuhan di Papua dan Papua Barat, demonstrasi yang berujung kerusuhan serta pilkada serentak dan Pemilu 2019. Hadi pun berpesan agar seluruh komponen bangsa menahan diri, kemudian mencoba saling menghargai, menghormati dan bahu membahu dalam pembangunan sembari menyadari bahwa perbedaan adalah kekuatan. Dikatakan, pendiri bangsa ini sesungguhnya sudah menyadari hal tersebut sehingga menjadikan Bhineka Tunggal Ika sebagai semboyan negara. Sebagai bagian dari komponen bangsa, rakyat pun semestinya memiliki kewajiban untuk bersinergi dengan komponen lainnya. ""Kita harus bersama-sama memanfaatkan setiap potensi yang ada untuk kesejahteraan rakyat dan kemajuan bersama, tidak boleh ada yang tertinggalkan dan terpinggirkan atau tertinggal sama sekali,"" ujar dia. Ia juga berharap TNI selalu profesional dalam menjalankan tugas pokoknya. ""Semoga pula TNI dapat melaksanakan setiap tugas pokoknya,"" ujar Hadi. Dalam acara doa bersama ini juga dihadiri KSAU Marsekal TNI Yuyu Sutisna, Wakapolri Komjen Pol Ari Dono Sukmanto, Wakasad Letjen TNI Tatang Sulaiman dan ratusan prajurit TNI/Polri serta Ibu-ibu Ikatan Kesejahteraan Keluarga TNI (IKKT). Acara ini juga diidi dengan tausyiah oleh Habib Lutfi bin Ali bin Hasyim bin Yahya. Sedangkan dzikir dan doa dipimpin KH Muhammad Musthofa Aqil Siroj. (Fabian Januarius Kuwado) . Artikel ini telah tayang di Kompas.com dengan judul ""Panglima TNI: Masyarakat Indonesia Ternyata Belum Cukup Dewasa"""
Netral,"Jokowi Minta Warga Tak Tinggalkan Wamena JAKARTA, KRJOGJA.com","Jokowi Minta Warga Tak Tinggalkan Wamena JAKARTA, KRJOGJA.com - Presiden Joko Widodo (Jokowi) meminta masyarakat tak meninggalkan Wamena, Kabupaten Jayawijaya, Papua. Ia menyatakan aparat TNI dan Polri telah mengendalikan situasi keamanan di wilayah pegunungan tengah Papua itu. ""Tapi terus kita imbau agar masyarakat tidak keluar dari Wamena karena aparat keamanan sudah bisa mengamankan,"" kata Jokowi. Namun, Jokowi mengatakan tak sedikit warga yang ingin mengungsi ke Kota Jayapura, Papua. Menurutnya, pemerintah sudah melakukan evakuasi masyarakat yang masih merasa takut dengan situasi di Wamena. ""Tentu saja karena masih ada yang merasa takut kemudian minta untuk dievakuasi di Jayapura, ya dilakukan,"" tuturnya. Presiden terpilih itu pun mengapresiasi kepala suku Lembah Baliem yang telah meminta masyarakat tak mengungsi ke luar Kota Wamena. Jokowi meminta semua masyarakat untuk tetap tenang dan terprovokasi dengan informasi simpang siur di media sosial. ""Kepala suku Lembah Baliem di Wamena telah mengajak, menghimbau untuk seluruh warga untuk tidak mengungsi ke luar wamena. Ini saya kira sebuah himbauan baik,"" ujarnya. (*)"
Negatif,Panglima TNI Marsekal Hadi Tjahjanto: Masyarakat Indonesia Ternyata Belum Cukup Dewasa SERAMBINEWS.COM,"Panglima TNI Marsekal Hadi Tjahjanto: Masyarakat Indonesia Ternyata Belum Cukup Dewasa SERAMBINEWS.COM - Panglima TNI Marsekal Hadi Tjahjanto mengatakan, masyarakat Indonesia belum cukup dewasa dalam menjalani kehidupan berbangsa dan bernegara. Pernyataan Panglima itu disampaikan melalui sepucuk surat yang dibacakan Kepala Staf TNI Angkatan Laut (KSAL) Laksamana TNI Siwi Sukma Adji dalam acara doa bersama dalam rangka HUT TNI Ke-74 dan untuk pahlawan revolusi di Plaza Mabes TNI, Cilangkap, Jakarta Timur, Senin (30/9/2019) malam. ""Kehidupan berbangsa dan bernegara sedang menghadapi cobaan di usia ke-74 tahun, ternyata belum cukup dewasa,"" ujar Panglima, sebagaimana dikutip Antara. Saat ini, kata Hadi, tantangan yang dihadapi bangsa Indonesia semakin rumit dan berbagai bencana serta peristiwa bertubi-tubi terjadi. Gempa bumi dan letusan gunung berapi, kekeringan, kebakaran hutan serta lahan, kerusuhan di Papua dan Papua Barat, demonstrasi yang berujung kerusuhan serta pilkada serentak dan Pemilu 2019. Hadi pun berpesan agar seluruh komponen bangsa menahan diri, kemudian mencoba saling menghargai, menghormati dan bahu membahu dalam pembangunan. Sembari menyadari bahwa perbedaan adalah kekuatan Pendiri bangsa ini sesungguhnya sudah menyadari hal tersebut sehingga menjadikan Bhineka Tunggal Ika sebagai semboyan negara. Sebagai bagian dari komponen bangsa, rakyat pun semestinya memiliki kewajiban untuk bersinergi dengan komponen lainnya. ""Kita harus bersama-sama memanfaatkan setiap potensi yang ada untuk kesejahteraan rakyat dan kemajuan bersama, tidak boleh ada yang tertinggalkan dan terpinggirkan atau tertinggal sama sekali,"" ujar dia. Ia juga berharap TNI selalu profesional dalam menjalankan tugas pokoknya. ""Semoga pula TNI dapat melaksanakan setiap tugas pokoknya,"" ujar Hadi. Dalam acara doa bersama ini juga dihadiri KSAU Marsekal TNI Yuyu Sutisna, Wakapolri Komjen Pol Ari Dono Sukmanto, Wakasad Letjen TNI Tatang Sulaiman dan ratusan prajurit TNI/Polri serta Ibu-ibu Ikatan Kesejahteraan Keluarga TNI (IKKT). Serta tausyiah oleh Habib Lutfi bin Ali bin Hasyim bin Yahya. Sedangkan dzikir dan doa dipimpin KH Muhammad Musthofa Aqil Siroj. Artikel ini telah tayang di Kompas.com dengan judul: Panglima TNI: Masyarakat Indonesia Ternyata Belum Cukup Dewasa"
Negatif,Komnas HAM: Yang dibutuhkan pengungsi Wamena solidaritas kemanusiaan Jakarta (ANTARA),"Komnas HAM: Yang dibutuhkan pengungsi Wamena solidaritas kemanusiaan Jakarta (ANTARA) - Komisioner Komisi Nasional Hak Asasi Manusia Choirul Anam menilai warga Wamena, Jayawijaya, Papua, yang mengungsi ke kota lain paling membutuhkan solidaritas kemanusiaan daripada solidaritas dalam bentuk lain. ""Kalau mau solidaritas kemanusiaan, jangan yang lain. Yang dibutuhkan pengungsi sekarang adalah solidaritas kemanusiaan,"" tutur Choirul Anam di Jakarta, Senin. Pemerintah daerah disebutnya harus segera menyiapkan skema penanganan ribuan pengungsi dari Wamena setelah terjadi kerusuhan, agar masalah kemanusiaan tidak bertambah luas. Pemenuhan kebutuhan dasar dalam pengungsian, seperti makanan, air bersih serta obat-obatan, pun mesti menjadi perhatian pemerintah. ""Soal pengungsi harus mendapat perhatian sangat besar karena jumlahnya sangat banyak. Masalah kompleks dan paling penting skema penanganan pengungsi harus jelas sejak awal,"" kata Choirul Anam. Setelah penanganan pengungsi, saat situasi keamanan di Wamena dirasa cukup baik, Komnas HAM mendesak agar dilakukan investigasi mendalam serta penegakan hukum terhadap pelaku kerusuhan di Wamena. ""Kepada yang diduga melakukan perbuatan melawan hukum, kami mendorong hukum ditegakkan supaya persoalan ini bisa terselesaikan dan tertangani sebaik-baiknya ke depan, supaya tidak terulang peristiwa seperti ini di waktu yang akan datang,"" tutur Choirul Anam. Ada pun Pemerintah Kabupaten Jayawijaya, Provinsi Papua mencatat terdapat 7.278 warga yang trauma pascakerusuhan Senin (23/9) masih berada di penampungan pengungsi, tersebar di lebih dari 59 titik. Presiden jamin keamanan penduduk di Wamena, warga diminta tidak mengungsi"
Negatif,Personil Wali Kocar Kacir Kena Tembakan Gas Air Mata RMOLBanten.,"Personil Wali Kocar Kacir Kena Tembakan Gas Air Mata RMOLBanten. Kerusuhan demonstrasi massa yang sudah bercampur antara mahasiswa, pelajar dan massa berlangsung sampai malam. Aparat kepolisian dengan dibantu TNI berusaha membubarkan massa. Keributan terjadi dibeberapa titik depan kantor BPK RI, depan Palmerah, depan wisma BNI, depan Slipi, depan stasiun Palmerah, depan kelurahan Gelora sebarang Hotel Mulia. Tengah malam polisi berhasil memukul mundur pendemo. Beberapa belarian ke berbagai arah salah satunya ke arah Kampus Mustopo. Personil Wali Band yang sedang syuting single barunya sempat terjebak kerusuhan itu dan terkena dampak gas air mata. Beberapa personil Wali mengaku matanya perih kena asap gas air mata. Pada saat kejadian personel Wali sedang break (istirahat) syuting sekitar jam 21.30 WIB di sekitar Jalan Hang Tuah Raya tepatnya dekat Kampus Mustopo Beragama. ""Ketika break, kita lagi duduk-duk santai di parkiran, tiba-tiba rombongan masa lewat disertai tembakan gas air mata dari aparat yang membubarkan aksi. Spontan mata kita jadi perih,"" terang personil Iksayan Bustomi atau biasa disapa Tomi, kepada Kantor Berita RMOL Banten , Senin (30/9) malam. Kata Tomi, hari itu semua personil Wali komplit sedang melakukan syuting single barunnya yang akan segera dirilis. Asap gas air mata, lanjut Tomi sempat membuat dirinya dan personil lainnya berlarian mencari tempat aman, ""Dari siang kondisi cukup kondusif, kan demonya berlangsung di gedung DPR, jelang malam situasi justru menjadi mencekam. Mereka lari ke arah sini,"" katanya. ""Alhamdulilah semua personil aman. Cuma mata saja yang pedes,"" pungkasnya. Sebagai informasi Band Wali yang ngetop dikalangan anak muda terdiri dari Faank (vokal), Apoy (gitar), Tomi (drum), Ovie (keyboard). [ars]"
Positif,Kemkes: Jumlah pengungsi Wamena di Jayapura sekitar 500 orang Jakarta (ANTARA),"Kemkes: Jumlah pengungsi Wamena di Jayapura sekitar 500 orang Jakarta (ANTARA) - Kementerian Kesehatan (Kemkes) menyebutkan jumlah pengungsi dari Wamena, yang dipindahkan ke Jayapura, Papua, akibat kerusuhan sudah sekitar 500 orang. ""Yang bisa kita data yang sudah dibawa ke Jayapura itu sekitar 500 orang,"" kata Sekretaris Direktur Jenderal Pencegahan dan Pengendalian Penyakit Kemkes Achmad Yurianto usai Konferensi Pers di Kementerian Kesehatan di Jakarta, Senin. 500 orang tersebut sudah diterbangkan ke Jayapura dengan pesawat Hercules. Sementara sekitar 1.600 orang lainnya saat ini tercatat telah terdaftar untuk mengikuti penerbangan berikutnya ke Jayapura. Ia menambahkan penerbangan gelombang pertama dalam evakuasi dari Wamena ke Jayapura tersebut dilakukan karena alasan medis. Sementara penerbangan berikutnya dilakukan untuk memenuhi banyaknya permintaan masyarakat yang memang ingin meninggalkan Wamena. Sebagian besar yang diterbangkan dari Wamena tersebut, ujar dia adalah perempuan, anak-anak, ibu hamil dan juga lansia. Selain itu, ia juga mengatakan pengungsi tidak hanya orang-orang yang berasal dari luar Papua tetapi juga dari masyarakat asli Papua. Pesawat Hercules yang disiapkan untuk penerbangan hari ini, tambah dia ada empat sortie atau sebanyak empat kali penerbangan. Bagi pengungsi yang tidak memiliki saudara di Jayapura atau tempat untuk tinggal, mereka ditampung di aula milik TNI Angkatan Udara dan Batalion 751. Tetapi, beberapa dari mereka, ada yang dijemput oleh saudara mereka di Jayapura. ""Ada kemarin, pekerja bangunan dari Wamena, setelah sampai di Jayapura dia dijemput saudaranya,"" tambahnya. Sementara itu, ia mengemukakan bahwa evakuasi tersebut akan diselesaikan sampai semua bisa terkendali. ""Kalau evakuasi rujukan ini kita belum tahu sampai kapan. Tapi ketentuannya sampai semuanya bisa terkendali. Bisa jalan dengan baik, kita selesaikan misi ini,"" katanya."
Negatif,"Bringas Hingga Malam, Polres Mataram Tangkap 26 Demosntran Mataram, Gatra.com","Bringas Hingga Malam, Polres Mataram Tangkap 26 Demosntran Mataram, Gatra.com - Aksi unjuk rasa masa terus berlangsung di DPRD Nusa Tenggara Barat (NTB), Jalan Udayana, Mataram, hingga Senin malam (30/9). Sayangnya, aksi masa ini dinodai pelemparan batu dan sejumlah benda tumpul terhadap polisi. Guna melindungi diri, polisi berupaya membubarkan massa aksi dengan menembakkan water cannon. Massa yang bertahan pun perlahan mundur dan masuk ke dalam Masjid Islamic Center NTB untuk mengamankan diri. Maju, jaga diri masing-masing. Tembakkan water cannon ke arah selatan, perintah Kapolres Mataram, AKBP Saiful Alam. Para mahasiswa yang merasa terdesak masih bertahan duduk di dalam halaman Masjid Hubbul Wathan Mataram. Sementara itu, sebanyak 26 mahasiswa ditangkap dan diamankan oleh pihak kepolisian akibat kerusuhan saat demo anarkis di depan kantor DPRD NTB, malam ini. Namun, belum bisa kita pastikan secara rinci nama-nama mahasiswa yang ditangkap. Kita minta untuk menunggu dan memberikan pihak kepolisian bekerja. Sekali lagi, berikan kami kesempatan bekerja dulu, ujarnya. Puluhan mahasiswa yang ditangkap tersebut akan dibawa ke Polda NTB untuk dimintai keterangan lebih lanjut. Aksi Unras mahasiswa tersebut merupakan kedua kalinya setelah aksi pada Minggu kemarin (29/10). Mereka melakukan demo dengan tuntutan yang sama yakni menolak revisi sejumlah UU termasuk revisi UU KPK dan sejumlah UU lainnya yang dianggap bermasalah."
Positif,"TNI dan Polri Akan Jaga Keamanan Tenaga Medis di Wamena Menteri Kesehatan memastikan, petugas kesehatan di Wamena, Papua, akan mendapat pengamanan dari TNI dan Polri.","TNI dan Polri Akan Jaga Keamanan Tenaga Medis di Wamena Menteri Kesehatan memastikan, petugas kesehatan di Wamena, Papua, akan mendapat pengamanan dari TNI dan Polri. Menkes juga menyarankan kepada tenaga medis yang berada di daerah rawan, mengungsi ke fasilitas kesehatan terdekat. Selain pengamanan ekstra, menteri kesehatan juga mengimbau petugas kesehatan selalu mengenakan baju dan atribut penanda petugas medis. Hingga saat ini, kementerian kesehatan mencatat ada 31 petugas kesehatan di Wamena."
Negatif,"Demonstrasi Ricuh, Mobil di Parkiran Polsek Tanah Abang Dibakar JAKARTA","Demonstrasi Ricuh, Mobil di Parkiran Polsek Tanah Abang Dibakar JAKARTA - Aksi demonstrasi yang digelar mahasiswa dan pelajar di sekitar DPR RI terlibat bentrok dengan aparat kepolisian. Buntut dari bentrokan itu meluas menjadi kerusuhan di beberapa lokasi di Jakarta, Senin (30/9/2019). Sebuah mobil terbakar yang terpakir di depan Polsek Metro Tanah Abang, Jakarta Pusat dibakar massa. ""Iya, yang terbakar mobil (bukan Polsek Tanah Abang),"" kata salah satu petugas Damkar, Jakarta Pusat, Jujung dikonfirmasi, Senin (30/9/2019) malam. Menurut Jujung, aksi pembakaran mobil itu terjadi saat massa bentrok dengan aparat kepolisian sekitar pukul 22.00 WIB. Jujung menyampaikan, hingga kini kondisi belum kondusif sehingga polisi terus memukul mundur massa aksi. ""Situasinya belum kondusif gitu sih masih dipukul mundur pihak kepolisian,"" ujar Jujung. Jujung mengatakan kawasan sekitar Tanah Abang pun kini juga dijaga ketat oleh pihan TNI dan warga yang membantu. Menurut Jujung hanya satu mobil yang dibakar oleh massa aksi. ""Satu mobil, sudah padam,"" tutup Jujung. (suara.com)"
Negatif,Kerusuhan Wamena Bahaya Kelangsungan NKRI indopos.co.id,"Kerusuhan Wamena Bahaya Kelangsungan NKRI indopos.co.id “ Direktur Eksekutif The Indonesian Democracy Initiative (TIDI), Arya Sandhiyudha menuturkan, kerusuhan berdarah di Wamena telah masuk ke tingkat yang berbahaya bagi kelangsungan Negara Kesatuan Republik Indonesia (NKRI). Mengingat, dampak kerusuhan tersebut telah mendapatkan reaksi panas dari daerah-daerah. Karena adanya korban jiwa dari warga pendatang. Kita semua berduka dan berharap kerusuhan itu bisa segera diredakan. Kerusuhan di Wamena bisa berpotensi memicu disintegrasi bangsa, mengarah pada genosida, dan konflik horizontal antar etnik, tuturnya. Tak sampai disana, Arya menilai, jika pemerintah salah melangkah dalam penyelesaian kerusuhan tersebut, tragedi ini akan mencuat lebih besar kembali. Oleh karena itu harus ada upaya ekstra hati “ hati dalam penyelesaian kerusuhan Wamena.Ada tiga hal yang nampak jelas dari rangkaian persoalan dan ketegangan yang terjadi di Wamena. Mulai motif adu domba antar anak bangsa, sentimen kesukuan, penghapusan keharmonisan. Makanya perlu komitmen fundamental dari pemerintah ke warga di Papua, tegasnya. Oleh karena itu, ditambahkan Arya, masyarakat diberbagai daerah di imbau tidak terpancing dengan isu yang memanaskan situasi. Kemudian pemerintah diminta menangkap dalang-dalang aksi kerusuhan yang membuat gejolak di Wamena. Dirinya yakin dengan cara ini konflik di negeri cenderawasih ini akan reda.Gunakanlah segera ruang kewenangan dan kepercayaan itu dalam menyikapi momen, isu, dan krisis terkini. Selagi masih ada ruang dan waktu, pungkasnya. (cok)"
Positif,"Warga yang Terkurung di Senayan City karena Kerusuhan Telah Meninggalkan Lokasi JAKARTA, KOMPAS.com","Warga yang Terkurung di Senayan City karena Kerusuhan Telah Meninggalkan Lokasi JAKARTA, KOMPAS.com - Pengunjung dan karyawan yang berada di Mal Senayan City, Jakarta Pusat, meninggalkan lokasi pada Senin (30/9/2019), pukul 23.19 WIB. Agus, salah seorang sekuriti mal mengatakan bahwa saat polisi memukul mundur massa dari arah Pintu Utama Gelora Bung Karno, para pengunjung Senayan City tidak diperbolehkan untuk keluar dari kawasan mal. Hal itu dilakukan untuk menghindari adanya korban saat aksi lempar oleh massa dan gas air mata yang terus menerus diletupkan di tengah jalan depan mal. ""Tapi tadi udah bubar semua. Polisi balik, pintu mulai dibuka,"" kata Agus kepada Kompas.com . Namun, warga tidak boleh keluar dari sisi timur mal mengingat adanya pagar dan kawat berduri yang terpasang agar massa yang kabur tidak memasuki kawasan mall. ""Sekarang sudah pada pulang semua,"" ujarnya. Saat ini terlihat aktivitas di kawasan Mal hanyalah pemasangan tenda oleh beberapa orang pekerja untuk acara yang akan dilakukan di kawasan Mal Senayan City. Sementara di depan mal banyak pengendara ojek online yang mangkal sambil menunggu orderan datang, Pengendara tampak hilir mudik di jalanan di depan mal tanda kondisi malam ini sudah kondusif."
Positif,Komnas HAM: Antara ˜Kera™ dan ˜Keras™ Picu Kerusuhan Wamena “ Komisi Nasional Hak Asasi Manusia (Komnas HAM) mengungkapkan asal mula konflik di Wamena. Salah satunya dipicu oleh kesalahpahaman pengucapan antara kata ˜kera™ dengan ˜keras™ yang diucapkan seorang guru kepada muridnya,"Komnas HAM: Antara ˜Kera™ dan ˜Keras™ Picu Kerusuhan Wamena “ Komisi Nasional Hak Asasi Manusia (Komnas HAM) mengungkapkan asal mula konflik di Wamena. Salah satunya dipicu oleh kesalahpahaman pengucapan antara kata ˜kera™ dengan ˜keras™ yang diucapkan seorang guru kepada muridnya. Ketua Komnas HAM Ahmad Taufan Damanik menceritakan, pada Selasa, 17 September lalu ada seorang guru pengganti bernama Riris meminta murid-muridnya untuk membaca dengan keras karena murid tidak membaca pelajaran yang dimintanya dengan jelas. Riris mengajar sebagai guru pengganti untuk menggantikan guru yang berhalangan hadir. Namun, pengucapan kata ˜keras™ oleh Riris ditangkap sebagai kata ˜kera™ oleh sebagian murid kelas XI SMA PGRI Wamena. Hari Rabu tidak ada masalah sampai Jumat, Sabtu baru mulai ribut dan murid marah-marah karena menganggap guru menyebut murid dengan sebagai kera, ungkap Taufan, dalam konferensi pers di Jakarta, Senin (30/9/2019). Taufan menambahkan, saat itu sudah dilakukan klarifikasi dan Riris menegaskan bahwa dia tidak menyebut murid dengan kata ˜kera™. Klarifikasi sudah dilakukan dan mereka sudah maaf-maafan dan bahkan sudah nyanyi bersama karena ada murid yang ulang tahun,™ urai Taufan. Menurut dia, Riris juga tidak menyadari bahwa kejadian tersebut akan berbuntut pada terjadinya konflik lanjutan, hingga kemudian pada hari Minggu, 22 September ada penyerangan ke sekolah dan pada keesokan harinya, sekolah sudah rusak. Kepala Sekolah sudah melarang Riris ke sekolah pada Senin. Kemudian datanglah siswa marah-marah dengan rombongan lainnya, tambah Taufan. Menurut dia, kondisi inilah yang harus diinvestigasi karena aksi protes siswa yang berujung pada pengrusakan sekolah juga diikuti oleh banyaknya massa lainnya yang tidak jelas asal usulnya. Massa itu tidak jelas karena banyak masyarakat sekitar yang merasa tidak kenal dengan massa yang datang berdemo. Ini harus diinvestigasi, tegas Taufan. Dia mengatakan kejadian ini unik karena setelah kesalahpahaman yang terjadi pada hari Selasa antara guru Riris dengan muridnya, sudah diklarifikasi dan sudah bermaaf-maafan. Kerusuhan ini sistematis dan tidak jelas siapa yang melakukan termasuk ada suara letusan senjata di mana-mana dan mereka (masyarakat) tidak bisa memastikan siapa pelakunya karena peristiwa ini di luar dugaan, ungkap Taufan. Dia menyayangkan kesalahpahaman internal yang terjadi hanya di dalam ruang lingkup kecil kelas XI bisa meluas dan meletus menjadi konflik besar dengan datangnya massa dari berbagai penjuru sehingga menimbulkan kekerasan. Komisi Nasional Hak Asasi Manusia (Komnas HAM) mengungkapkan konflik di Wamena telah memakan korban jiwa 31 orang dan ribuan lainnya mengungsi. Ketua Komnas HAM Ahmad Taufan Damanik mengatakan sebanyak 5 ribu orang mengungsi di Polres Wamena, 2.700 mengungsi di Kodim Wamnea, 500 di bandara Wamena, dan ribuan eksodus meninggalkan wilayah Wamena. Ini menimbulkan perhatian secara nasional dan muncul sentimen berbau sara yang menurut kami tidak relevan karena peristiwa di Wamena lebih kompleks dari yang digambarkan orang, katanya. Taufan mengatakan telah mendapatkan laporan dari Kepala Perwakilan Komnas HAM Wilayah Papua Frits Ramandey terkait kejadian yang ada di Wamena yang bermula dari berita hoax ada aksi rasialisme yang dilakukan oleh seorang guru. Selain mengutuk keras, kita juga bela sungkawa atas kejadian peristiwa di Wamena yang dimulai dari satu berita hoaks dan dengan gampangnya menyulut kerusuhan di berbagai tempat yang timbulkan korban jiwa dan harta benda, lanjut Taufan. Menurut dia, Komnas HAM tidak membedakan latar belakang warga yang menjadi korban, baik itu pendatang ataupun masyarakat lokal, karena dapat memperkeruh suasana dan memperuncing konflik. Dalam rangka itu, Komnas HAM mendorong semua pihak baik masyarakat Papua ataupun secara nasional untuk menghindari penyampaian hoaks dan informasi yang simpang siur karena akan semakin memperkeruh situasi. Ada sosmed yang bilang ini genosida. Jangan seperti itu dulu dan tahan diri untuk sebarkan berita dan analisis yang tidak mendasar, tegas dia. Taufan juga menjelaskan bahwa Komnas HAM sudah mengirim tim untuk investigasi awal peristiwa di Wamena sejak tanggal belasan September lalu. Dia memastikan bahwa informasi yang Komnas HAM dapatkan sangat akurat karena langsung berasal dari lapangan. Komnas HAM tegaskan komitmen untuk berupaya mengungkap tragedi ini agar jelas siapa, apa, dan kenapa terjadinya tragedi kemanusiaan ini, lanjut Taufan. Menurut Taufan, apabila tidak ada proses penegakan hukum, dikhawatirkan peristiwa yang sama dapat terjadi lagi. Hampir di seluruh Papua suasana saat ini tegang, ada rasa tidak percaya, kekhwatiran, dan orang-orang hidup dalam suasana tidak nyaman, ungkap Taufan. Oleh karena itu, dia meminta seluruh pihak di Papua termasuk pemimpin nasional untuk melakukan dialog konstruktif dalam mencari langkah perdamaian. Ini solusi terbaik untuk pemerintah pusat, daerah, dan tokoh-tokoh lokal menggelar dialog konstruktif agar tercipta perdamaian dan tidak memicu ketegangan yang lebih luas dan juga (memancing) respon internasional, tambah dia. Taufan menegaskan bahwa Komnas HAM bersedia menfasilitasi semua pihak untuk duduk berdialog mencari solusi perdamaian di papua. Pemenuhan HAM dan pencegahan konflik ke depan bagi kami menjadi isu pokok, pungkas dia.(*)"
Positif,"Bantu Pengungsi Wamena, Kemenhub Sediakan Kapal dan Pesawat Kementerian Perhubungan (Kemenhub) menyiapkan kapal dan pesawat untuk mengevakuasi warga yang akan mengungsi dari Wamena, Papua","Bantu Pengungsi Wamena, Kemenhub Sediakan Kapal dan Pesawat Kementerian Perhubungan (Kemenhub) menyiapkan kapal dan pesawat untuk mengevakuasi warga yang akan mengungsi dari Wamena, Papua. Pasca kerusuhan pekan lalu, banyak warga terutama para pendatang, memilih untuk meninggalkan Wamena lantaran trauma dan khawatir atas keselamatan hidupnya. ""Kami akan membantu eksodus warga di Papua dengan menyiapkan beberapa jenis kapal,"" kata Kepala Biro Komunikasi dan Informasi Publik Kemenhub Hengki Angkasawan dalam siaran pers, Senin (30/09/2019) ""Kapal yang disiapkan yaitu kapal negara KPLP, kapal navigasi, kapal perintis dan kapal milik Pelni berjadwal yang ada dibeberapa pelabuhan di Papua Barat dan Papua,"" sambungnya. Kapal yang disiapkan antara lain KN KALAWAI P. 117 berada di Pelabuhan Gudang Arang Ambon dan KN GANDIWA P. 118 dari Pangkalan PLP Kelas II Bitung berserta logistiknya. Kapal tersebut berkapasitas 100 - 150 orang. Selain kapal, Kementerian Perhubungan juga menyediakan pesawat untuk mengangkut warga yang ingin meninggalkan Wamena. Pesawat yang disediakan antaralain Trigana, Deraya, My Indo, Semuwa Aviation Mandir, Jayawijaya Air Dirgantara, Wings Air, dan dua tipe pesawat Hercules yang dapat mengangkut lebih dari 500 orang. ""Dari data yang kami terima kebanyakan pengungsi bertujuan ke Sorong, Ambon, Ternate, Bitung dan Makasar. Jadi kami akan berupaya mengeksodus para pengungsi ke kampung halaman mereka,"" ucap Hengki Evakuasi tersebut dilakukan agar para pengungsi juga korban dapat dievakuasi dan dipulangkan ke kampung halamanannya mengingat kondisi Wanena yang sedang tidak kondusif."
Negatif,"Kronologi Kerusuhan di Wamena Versi Komnas HAM Komisi Nasional Hak Asasi Manusia menyebut kerusuhan yang terjadi di Wamena, Papua, disebabkan oleh kesalahpahaman terkait isu seorang guru yang disebut melecehkan muridnya dengan perkataan bernada rasial","Kronologi Kerusuhan di Wamena Versi Komnas HAM Komisi Nasional Hak Asasi Manusia menyebut kerusuhan yang terjadi di Wamena, Papua, disebabkan oleh kesalahpahaman terkait isu seorang guru yang disebut melecehkan muridnya dengan perkataan bernada rasial. Ketua Komnas HAM Ahmad Taufan Damanik mengatakan, kesalahpahaman itu terjadi ketika seorang guru di SMA PGRI tengah mengajar dan meminta seorang muridnya untuk berbicara lebih keras. ""Ada seorang guru, itu guru pengganti jadi ketika mengajar sebetulnya kalau menurut versi ibu ini dia tidak mengucapkan 'kera' tapi 'keras',"" kata Taufan di Kantor Komnas HAM, Senin (30/9/2019). Taufan menuturkan, mulanya peristiwa yang terjadi pas Rabu (18/9/2019) itu tak menjadi persoalan. Persoalan baru muncul tiga hari berikutnya yaitu pada Sabtu (18/9/2019). Taufan mengatakan, saat itu ada beberapa orang yang marah karena mendapat informasi terkait ucapan guru tersebut. Namun, kemarahan itu dapat diredam setelah dilakukan klarifikasi yang mengundang guru tersebut beserta murid-muridnya. ""Bahkan setelah sekolah sempat bernyanyi bersama sama dengan murid yang lain karena ada satu muridnya yang ulang tahun, baik-baik saja enggak ada apa-apa,"" ujar Taufan. Namun, suasana tiba-tiba memanas pada Minggu keesokan harinya ketika sekolah tersebut mulai diserang sejumlah orang. Lalu, pada Senin (23/9/2019) gelombang unjuk rasa pun mulai membesar karena tersulut isu pernyataan guru tersebut. Menurut Taufan, hal itu mengherankan karena dugaan pernyataan bernada rasialis sudah diselesaikan pada Sabtu. ""Sudah diselesaikan di situ kok tiba-tiba bisa meledak ke mana-mana, datang massa begitu besar dari berbagai penjuru. Kemudian membakar gedung-gedung, setelah itu terjadi kekerasan yang menimbulkan korban jiwa,"" ujar dia. Menurut Taufan, ekskalasi unjuk rasa yang berujung pada kerusuhan inilah yang mesti diinvestigasi karena muncul dugaan bahwa massa perusuh bukan merupakan warga Wamena. ""Itu yang enggak jelas ini karena banyak juga orang situ yang bilang enggak kenal dengan massanya. Spekulasi ya Pak Bupatinya dan Polresnya bilang itu tidak banyak yang kenal wajahnya, itu orang darimana,"" kata Taufan Taufan melanjutkan, dugaan penggunaan senjata tajam dan senjata api yang menyebabkan korban tewas dan luka perlu diinvestigasi lebih lanjut karena ia menduga kerusuhan ini telah dirancang sistematis. ""Enggak jelas jadinya siapa yang melakukan atas kepada siapa, karena semua letusan senjata itu ada di mana-mana itu keterangan dari warga itu mereka tidak bisa dipastikan siapa ini,"" ujar Taufan. Adapun kronologi di atas didapat dari tim perwakilan Komnas HAM di Wamena yang melakukan pemantauan di sana. Kendati disebabkan masalah sepele, Komnas HAM mengingatkan pemerintag agar menanggapi peristiwa itu secara serius. ""Ini satu peristiwa yang sebetulnya sudah karut marut sejak lama kemudian ada pemicu sedikit saja menimbulkan besar kerusuhan yang menimbulkan korban manusia dan harta benda,"" kata Taufan. Hingga Minggu kemarin, Komnas HAM mencatat ada 31 korban jiwa akibat kerusuhan itu. Di samping itu, terdapat 8.200 orang yang mengungsi di Polres Wamena, Kodim Wamena, dan Bandra Wamena. Jumlah tersebut belum termasuk ribuan warga lain yang pergi meninggalkan Wamena."
Positif,Kawasan Semanggi Mulai Kondusif Pukul 23.00 WIB,"Kawasan Semanggi Mulai Kondusif Pukul 23.00 WIB - Situasi Jalan Gatot Subroto dan kawasan Semanggi, tepatnya di sekitar Kampus Atma Jaya, Plaza Semanggi, dan gedung Polda Metro Jaya mulai kondusif setelah kerusuhan antara demonstran dan polisi pecah pada Senin (30/9/2019). Pantauan Kompas.com pukul 23.00 WIB, sejumlah personel Brimob dan Sabhara Polda Metro Jaya, yang sebelumnya berjaga di sekitar Simpang Susun Semanggi dan Jalan Gatot Subroto mulai ditarik mundur. Polisi mulai membuka arus lalu lintas dari arah Cawang menuju Slipi dan sebaliknya. Kendaraan bermotor sudah dapat melintas. Kendaraan yang melintas tampak ramai lancar. Sementara itu, arus tol dalam kota arah Cawang-Grogol masih ditutup. Sebelumnya, massa mulai berkumpul sejak pukul 18.08 WIB di Jalan Gatot Subroto tepatnya depan gedung Polda Metro Jaya. Mereka mulai melempar petugas dengan batu. Polisi pun memukul mundur massa menggunakan gas air mata. Namun, pantauan Kompas.com pukul 18.37 WIB, massa membalas dengan melempari petugas dengan kembang api. Kawasan sekitar Jalan Gatot Subroto mulai disterilkan dari masyarakat. Pukul 20.00 WIB, massa dari arah Gedung DPR RI mulai mundur dan masuk kawasan pusat perbelanjaan, Plaza Semanggi dan Kampus Atmajaya. Massa tiba-tiba menembakkan petasan kepada petugas. Petasan juga diarahkan ke jembatan penyeberangan orang (JPO) Semanggi dan Jalan Jenderal Sudirman. Kondisi yang awalnya kondusif selama 45 menit membuat polisi kembali mengerahkan pasukan keluar dari Gedung Polda Metro Jaya. Polisi tetap berupaya memukul mundur massa dengan menembakkan gas air mata. Sejumlah pemuda diamankan oleh petugas dan dibawa ke Polda Metro Jaya. Tercatat ribuan mahasiswa diperkirakan menggelar aksi unjuk rasa di depan Gedung DPR RI, hari ini. Aliansi mahasiswa dari sejumlah perguruan tinggi negeri dan swasta tersebut menolak Rancangan Kitab Undang-Undang Hukum Pidana (RKUHP) dan Undang-Undang Komisi Pemberantasan Korupsi (UU KPK)."
Netral,Literasi Peristiwa Menurut Alur Pikir Kronologis dan Dimensi Ruang,"Literasi Peristiwa Menurut Alur Pikir Kronologis dan Dimensi Ruang-Waktu di Kejadian Berlatar Medsos Tulisan ini tak hendak menghakimi ataupun membela, namun memberikan masukan bagaimana kita mencerna beragam peristiwa yang di masa kini berseliweran di lini waktu (timeline) media sosial berbasis Internet yang terpapar di akun sosmed kita. Contoh, adalah kasus Dandhy Laksono (DDL) yang belakangan ini mencuat dikarenakan adanya tuntutan dari pihak kepolisian bahwa DDL melanggar Pasal 45 A ayat 2 jo 28 ayat 2 UU ITE yang berbunyi "" Setiap Orang dengan sengaja dan tanpa hak menyebarkan informasi yang ditujukan untuk menimbulkan rasa kebencian atau permusuhan individu dan/atau kelompok masyarakat tertentu berdasarkan atas suku, agama, ras, dan antargolongan (SARA)"". Hal ini menurut Polisi terkait cuitan DDL pada akun twitternya mengenai kondisi Papua pada 23 September. Adapun persoalan ini masih perdebatan, karena DDL sudah dibebaskan dari tahanan namun demikian berstatus tersangka. Kuasa hukum dan beberapa organisasi masyarakat sipil menolak ""kriminalisasi aktivis"" dengan alasan tidak relevannya pengenaan pidana atas tuitan DDL. Kasus ini masih bergulir hingga hari ini. Tulisan ini hendak mengajak kita berpikir kronologis/diakronis dalam melihat tuitan tersebut. Adapun kata kronologis berasal dari kronos dan logis, dan diakronis dari kata dia dan kronos. Kronos (chronos) artinya ""perjalanan waktu"". Dia artinya ""melintasi"". Logis artinya masuk akal/logika. Dalam konteks twitter, selain kronologis dan diakronis, dia tak lepas dari ruang dan waktu saat twiiter tersebut dipost. Tanggal dan jam, perlu melihat pada kejadian apa pada hari itu. Dari penelusuran twiiter, sebelum adanya twit yang dipermasalahkan, terdapat 10 retweet dan quote tweet yang dilakukan DDL terhadap peristiwa di Jayapura dan Wamena selama 5 Jam terakhir. Hal ini dapat kita simpulkan adanya informasi yang dia terima tentang kondisi, baru kemudian dia ""tergugah"" melakukan 5 twit pada siang hari yang dipermasalahkan. Secara umum, tulisan twit DDL seakan memberikan penegasan, penstrukturan informasi simpang siur yang dia terima di timelinennya. Kemudian terjadi kesimpulan dan kemudian twit tersebut. Terdapat pula link berita yang bisa dicek kebenarannya. Dengan demikian, dengan ""simpulan"" dari yang bersangkutan. Disini peran literasi peristiwa, selain literasi digital. Sudahkah kita melihat dan berpikir secara kronologis, diakronis dan juga mengecek situasi kondisi pada saat hari ketika twit yang bermasalah tersebut dilontarkan di ruang publik? Atau, kita memang merasa ada yang salah dalam cuitan tersebut, yang sudah dirituit dan diamini oleh banyak netizen, karena ada sumber ""dalil""nya yang kita anggap tidak faktual. Nah setelah itu, baru kita bisa melihat dengan jernih persoalannya. Bisa jadi, DDL memang sudah membuat ""gerah"" sehingga menjadi ""target"", apalagi setelah DDL viral dalam hal debat terbuka soal dukungannya ke referendum papua. Ihwal DDL salah atau tidak, bisa dibuktikan kemudian dipengadilan dengan ahli bahasa, atau, kalau bagi saya, tidak usah dilanjutkan apabila ternyata dapat disimpulkan cuitan ini hanyalah sekadar berbalas ekspresi semata di media sosial yang tak memenuhi unsur ""permusuhan dan kebencian"" dalam tuitannya."
Negatif,Lobby RSAL Mintohardjo Jadi Ruang Perawatan Darurat Suara.com,"Lobby RSAL Mintohardjo Jadi Ruang Perawatan Darurat Suara.com - Rumah Sakit Angkatan Laut (RSAL) Mintohardjo menjadi tempat melarikan para korban kerusuhan di kawasan DPR RI, Senin (30/9/2019). Lobby Instalasi Gawat Darurat (IGD) RS tersebut menjadi lokasi perawatan para korban. Pantauan Suara.com di lokasi, pihak RS mendirikan banyak tandu berjejer di lobby. Para korban mendapatkan perawatan dari tim medis. Korban yang dirawat kebanyakan berasal dari massa aksi yang terdiri dari berbagai elemen masyarakat mulai dari mahasiswa hingga pelajar. Kebanyakan menderita sakit karena gas air mata. Di parkiran IGD RSAL, terlihat beberapa ambulans berjejer disiagakan untuk menjemput korban. Para petugas medis juga bersiap di depan pintu IGD. Sebelumnya, kerusuhan ikut pecah di kawasan Bendungan Hilir, Jakarta Pusat, Senin (30/9/2019) malam. Kejadian ini merupakan rentetan kerusuhan imbas demonstrasi di kawasan gedung DPR RI. Pantauan suara.com di lokasi, sekitar pukul 21.50 WIB, massa aksi mulai berkumpul di sekitar Rumah Sakit Angkatan Laut (RSAL) Mintohardjo. Tak lama, kepolisian menembakan gas air mata ke arah kerumuman massa. Massa lantas berhamburan berlarian ke arah berlawanan dari arah kedatangan polisi. Pasukan TNI yang berjaga di sekitar RSAL langsung menutup gerbang. Mereka meminta agar orang-orang di dalam rumah sakit yang didominasi massa aksi sebelumnya agar tidak keluar. ""Jangan keluar, kalau mau keluar, keluar sekalian. Masuk ke dalam semua jangan dekat pagar,"" ujar salah seorang petugas berpakaian marinir di lokasi, Senin (30/9/2019)."
Negatif,"Demo Rusuh, 2 Mobil di Polsek Metro Tanah Abang Dibakar Massa Bisnis.com","Demo Rusuh, 2 Mobil di Polsek Metro Tanah Abang Dibakar Massa Bisnis.com, JAKARTA-- Kerusuhan demonstrasi di DPR menjalar ke kawasan Tanah Abang, Jakarta Pusat. Dua buah mobil yang terparkir di depan Polsek Metro Tanah Abang hangus dibakar massa. Berdasarkan kesaksian Sami, seorang pekerja di gedung di samping Polsek, peristiwa pembakaran terjadi sekitar pukul 21.30. Menurutnya aksi dipicu oleh massa yang melihat bus berisi personil Polri berhenti di depan Polsek. ""Iya gara-gara pendemo lihat ada bis isinya polisi turun di depan (Polsek) langsung diserang,"" ujar Sami kepada Bisnis, Senin (30/9/2019) malam. Massa lantas membakar dua mobil berjenis MPV yang terparkir depan polsek. Kebakaran berlangsung sekitar 30-40 menit. Meski lokasi berada dekat Dinas Pemadam Kebakaran Jakarta Pusat, petugas damkar sempat kesulitan memadamkan api karena terhalang massa. Tak hanya membakar mobil, massa juga sempat melempari polsek dan gedung di sekitarnya dengan batu. Salah satu yang menjadi korban adalah gedung Graha Metro yang berada tepat di samping polsek. Kaca-kaca gedung pecah dan di halamannya terlihat pecahan kaca serta batu-batu. Sementara itu, gedung polsek sendiri terpantau aman karena lokasinya yang menjorok sekitar 50 m dari jalan utama. Hal ini dibenarkan oleh Kapolsek Metro Tanah Abang AKBP Lukman. ""Kantor aman, cuma mobil yang terbakar,"" katanya saat ditanya awak media. Pelaku pembakaran diketahui merupakan massa yang mundur dari kawasan Pejompongan. Menurut warga yang menyaksikan, kelompok massa berpakaian seperti warga biasa dan tidak terlihat mengenakan atribut mahasiswa seperti jas almamater."
Positif,Pengungsi Wamena di Jayapura Sekitar 500 Orang Jakarta (HN),"Pengungsi Wamena di Jayapura Sekitar 500 Orang Jakarta (HN) - Kementerian Kesehatan (Kemkes) menyebutkan pengungsi dari Wamena yang dipindahkan ke Jayapura, Papua, akibat kerusuhan sudah sekitar 500 orang. ""Yang bisa kita data yang sudah dibawa ke Jayapura itu sekitar 500 orang,"" kata Sekretaris Direktur Jenderal Pencegahan dan Pengendalian Penyakit Kemkes Achmad Yurianto usai Konferensi Pers di Kementerian Kesehatan di Jakarta, Senin (30/9). Pengungsi 500 orang tersebut sudah diterbangkan ke Jayapura dengan pesawat Hercules. Seperti dilaporkan Antara, sekitar 1.600 orang lainnya saat ini tercatat telah terdaftar untuk mengikuti penerbangan berikutnya ke Jayapura. Penerbangan gelombang pertama dalam evakuasi dari Wamena ke Jayapura, kata dia, dilakukan karena alasan medis. Penerbangan berikutnya dilakukan untuk memenuhi banyaknya permintaan masyarakat yang ingin meninggalkan Wamena. Sebagian besar yang diterbangkan perempuan, anak-anak, ibu hamil, dan lansia. Selain itu, ia mengatakan pengungsi tidak hanya orang-orang yang berasal dari luar Papua tetapi juga dari masyarakat asli Papua. Pesawat Hercules yang disiapkan untuk penerbangan hari ini ada empat sortie atau sebanyak empat kali penerbangan. Pengungsi yang tidak memiliki saudara di Jayapura atau tempat untuk tinggal, ditampung di aula milik TNI Angkatan Udara dan Batalion 751. Tetapi, beberapa dari mereka, ada yang dijemput oleh saudara mereka di Jayapura. ""Ada kemarin pekerja bangunan dari Wamena, setelah sampai di Jayapura dia dijemput saudaranya,"" tuturnya Ia mengemukakan evakuasi akan diselesaikan sampai semua bisa terkendali. ""Kalau evakuasi rujukan ini kita belum tahu sampai kapan. Tapi ketentuannya sampai semuanya bisa terkendali. Bisa jalan dengan baik, kita selesaikan misi ini,"" katanya."
Positif,Sisa Gas Air Mata di Jalan Tentara Pelajar Masih Terasa Pekat hingga Pukul 22.45 WIB JAKARTA,"Sisa Gas Air Mata di Jalan Tentara Pelajar Masih Terasa Pekat hingga Pukul 22.45 WIB JAKARTA, KOMPAS.com - Kawasan Palmerah terpantau mulai kondusif setelah kerusuhan reda pada pukul 22.45 WIB, Senin (30/9/2019). Tidak terlihat lagi adanya bentrokan antara aparat dengan massa demonstran. Namun, sisa-sisa terasa sangat pekat, terutama di Jalan Tentara Pelajar. Begitu melintas, mata akan terasa sangat perih, begitu juga dengan hidung dan mulut. Di jalanan terlihat polisi yang semula mendorong massa mulai berangsur mundur ke arah Gedung DPR RI. Sementara anggota TNI masih berkeliling melakukan penjagaan Memasuki kawasan Pasar Palmerah, warga tampak mulai membuka lapak-lapak mereka sambil membicarakan kerusuhan yang terjadi. Berdasarkan keterangan seorang warga di Stasiun Palmerah, beberapa demonstran yang terluka ataupun sesak nafas sempat diistirahatkan di masjid sekitar Pasar. "" Udah dibawa semua ke Rumah Sakit Bakti Mulya, tadi pakai ambulans,"" kata warga tersebut kepada Kompas.com. Dikatakannya, warga-warga tersebut menderita sesak napas karena terlalu banyak menghisap gas air mata, dan ada pula yang terluka. ""Tadi mulai amannya sekitar jam 21.00 WIB,"" ucapnya."
Negatif,"Warga Minang Dibantai di Wamena, Kemana Jokowi? Ini Bukan Karena Kalah...","Warga Minang Dibantai di Wamena, Kemana Jokowi? Ini Bukan Karena Kalah... Kemarahan @indraJPiliang terhadap pembunuhan orang Bugis dan Minangkabau alias Minang di Papua ditumpahkan dalam akun twitter pribadinya. Kemudian viral di media social (medsos) lewat pesan berantai link akun twitter @indraJPiliang itu berikut copas twit-nya. Haji-haji asal Silungkang yang berontak tahun 1926 dikirim ke Boven Digoel. Banyak yang mereka ajarkan kepada kaum pribumi Papua sebagai terpidana terpelajar. Cara hidup, bahasa, dll. Kini kenapa tanah merah yang kami gali untuk kuburkan perantau-perantau kami yang dibunuh dengan kejam di Wamena? Majelis Rakyat Papua! Presidium Dewan Papua! Dewan Adat Papua! Tuan-tuan yang ada di sana telah gagal lindungi kami punya perantau! Tak pernah kami menerima jenazah-jenazah seperti ini di tanah adat kami! Ini barbar! Siapa yang bersaksi dalam bahasa yang fasih dan paling dipahami dunia bahwa tidak ada manusia pemakan manusia di tanah Papua? Sekarang bukti maha bukti sudah dihadapkan kepada tanah ulayat kami, kepada adat istiadat kami, yakni berupa jenazah-jenazah kaum kami yang tak mati di medan perang. Sudah saatnya kami mempersiapkan diri lagi bukan untuk sebuah perundingan, apalagi perdamaian! Kami mengerti cara berperang! Kami pernah berkali-kali berperang! Kami kuat karena lahir dari bumi peperangan! Sekarang saatnya kami membunuh simpati, apalagi empati, di dalam diri, perasaan dan jiwa kami untuk kalian di sana! Kami matikan semua, bersama jenazah2 kaum kami yg kalian bunuh sambil menari-nari! Natalius Pigay dll di mata saya, kini bukan pembela HAM atau apapun lagi. Dia hanya bela dia punya rambut, dia punya kulit, dia punya logat. Siapapun kalian! Kalian yang provokasi semua lini! Kita perang! Biadab kalian! Satu keluarga perantau Minang kalian bunuh, berarti kalian langsung berhadapan dengan anak-anak cucu Dua Datuk: Datuk Perpatih Nan Sebatang dan Datuk Ketumanggungan! Itu berarti satu rumpun Istana, Raja & Rakyat Bumi Pagaruyyung! Dua Datuk & Tiga Raja langsung kalian tanamkan bersama jenazah-jenazah kaum kami. Datuk Ketumanggungan, Datuk Perpatih Nan Sebatang, Raja Adat, Raja Ibadat & Raja Alam. Undang-undang Nan Dua Belas terpaksa kami berlakukan untuk lindungi suku dan kaum kami di Minangkabau! Tuan-tuan punya hukum perang suku? Sebelum tuan-tuan bakar batu? Kami juga punya dan sudah lama tidak memakainya. Namanya hukum tarik balas. Kami ganti dengan hukum alur dan patut. Kini, hukum tarik balas kami hidupkan lagi!!! Khusus untuk hadapi tuan-tuan. Tuan-tuan dan seluruh perangkat propaganda tuan-tuan! Jika ada keturunan Datuk Ketumanggungan dan Datuk Perpatih Nan Sebatang yang tak ikut, turut dan patuh dengan maklumat ini; sudah pasti mereka dibuang sepanjang adat, mati tanpa pusara, hidup tanpa suku! Terkutuk! Bugis dan Minang dibantai, dibakar hidup-hidup di Wamena. Rantai logistik keluar Papua putus. Tuan-tuan memilih lapar! Kenapa? Kenapa? Ketika anak-anak Papua semakin lupa dengan cara bertanam ubi dan talas; suku Bugis dan Minang yang memasok rantai-rantai makanan malah disiram bensin dan dibakar. Apa Papua hendak masuk era Etiopia syair Iwan Fals? Etiopia yang kini dibangun ras yang bukan hitam lagi. Kenapa? Kenapa? Ketika negara tidak bisa lindungi kaum kami; berarti kami berhak untuk bangkit sebagai Kerajaan Ranah Pagarruyung dg Undang-Undang Nan Dua Belas! Pandeka, hulubalang, puput serunai sebagai tanda peperangan dan bendera marawa siap kami gerakkan kembali! Tunggu datuk-datuk kami berunding! Kaum medsos pun mengaitkan hasil rekap suara di Pemilihan Presiden (Pilpres) April 2019 kemarin dari provinsi Sumatera Barat (Sumbar) provinsinya orang Minang. Di mana Prabowo menang telak dengan jumlah suara 85,95% Jokowi 14,05%. Rekapitulasi penghitungan perolehan suara Pilpres 2019 di tingkat Provinsi Sumbar telah selesai. Prabowo-Sandi memperoleh suara 2.488.733 Sementara pasangan Jokowi-Amin mendapat 407.761. Proses rekap berlangsung lebih lama dari jadwal. Semula dijadwalkan selesai Jumat (10/5/2019), namun molor dua hari akibat banyaknya kesalahan data. Banyak yang harus diperbaiki, sehingga agak molor, kata Komisioner KPU Sumbar, Izwaryani, kepada wartawan, Minggu (12/5/2019). Dalam pleno akhir, capres nomor urut 02 Prabowo-Sandi tercatat menyapu kemenangan di 18 dari 19 kabupaten kota di Sumatera Barat. Satu-satunya kekalahan Prabowo-Sandi hanya di Kabupaten Kepulauan Mentawai. Di daerah itu, Prabowo-Sandi mendapat 18,3% atau 9.211 suara berbanding suara Jokowi-Amin sebanyak 41.116 atau 81,7%. Kemenangan telak Prabowo-Sandi ada di Kota Pariaman dengan 91,8 persen dengan 47.042 suara, sementara Jokowi-Amin hanya memperoleh 4.200 suara. Kemenangan di atas 90 persen juga didapat Prabowo-Sandi di tiga daerah lain. Kabupaten Solok dengan 91,3 persen (188.198 suara) berbanding 8,7 persen (17.865 suara), Kabupaten Padang Pariaman dengan 90,4 persen (193.899 suara) berbanding 9,6 persen (20.587 suara), serta di Kabupaten Agam dengan 90,1 (231.561 suara) berbanding 9,9 persen (25.520 suara). Perolehan suara Prabowo kali ini melebihi perolehan suara di Pilpres 2014. Saat itu, Prabowo yang berpasangan dengan Hatta Radjasa memperoleh 76,9 persen atau 1,797,505 suara, sementara Jokowi-Jusuf Kalla mendapatkan 23,1 persen atau 539,308 suara. Dalam catatan akhir, total pemilih yang menyalurkan aspirasinya 79 persen dari Daftar Pemilih Tetap (DPT). Seperti diketahui, rumah para pendatang dibakar bersama penghuninya. Toko mereka dijarah oleh kelompok perusuh. Sebagian besar korban adalah pendatang dari Sulawesi Selatan (Sulsel) dan Sumbar. Sebanyak 20 korban meninggal merupakan warga Bugis dan Makassar Sulsel. Sedangkan 9 lainnya warga Sumbar. Tragedi Papua mendapat sorotan tajam dari Wakil Sekjend DPP Partai Gerindra, Andre Rosiade. Melalui akun Twitter pribadinya @andre_rosiade, anggota DPR RI terpilih dari Dapil Sumbar 1 itu menginformasikan kepada Presiden Jokowi bahwa ada 9 warga Minang dibantai di Papua. Ada 9 warga perantauan Minang yg meninggal dunia krn kerusuhan di Wamena. 1 org terbakar dan tinggal tengkorak saja, 1 org Balita usia 3 tahun di kampak kepalanya, kata Ketua Harian DPP Ikatan Keluarga Minang itu. Menurut Andre, ada 1.500 warga Sumbar yang masih mengungsi, begitu pun dengan para perantau dari daerah lain. Toko2 mereka dijarah. Dan sekarang mereka berlindung di kantor Kodim dan Polres. Sy mohon tindakan kongkret dr pemerintah pak @jokowi agar segera pulihkan kembali situasi keamanan kota Wamena, tambanya. Menurutnya, sampai saat ini dia belum melihat respon apa pun dari Pemerintah Jokowi mengenai tragedi Wamena yang menyebabkan terbunuhnya puluhan warga pendatang, termasuk 9 perantau Minang. Padahal, para korban dibantai secara sadis. Ada ada yang dibakar, bahkan balita usia 3 tahun dikampak kepalanya. Akibatnya, warga pendatang ketakutan dan terpaksa mengungsi. Total pengungsi mencapai 10 ribu orang. Tugas pemerintah sesuai UUD 1945 melindungi segenap tumpah darah Indonesia. Saya ingatkan pemerintah @jokowi tolong Anda jangan lalai dalam melaksanakan konstitusi. Segera bekerja lindungi Rakyat anda. Kalo memang tidak mampu jangan jadi Presiden atau silakan mundur, sindir Andre. Sebelumnya, Gubernur Papua Lukas Enembe menyampaikan duka atas meninggalnya 30 warga dalam kerusuhan Wamena, Jayawijaya, Papua. Pemerintah Papua dan masyarakat Papua mengucapkan bela sungkawa atas kejadian yang terjadi pada hari Senin, ujar Lukas setelah mengunjungi para korban kerusuhan Wamena, Kabupaten Jayawijaya, Papua. Tingkah buzzer pendukung Presiden Joko Widodo makin lama makin membahayakan demokrasi di negeri ini. Berbagai kabar bohong mereka sebarkan dan gaungkan di media sosial untuk mempengaruhi opini dan sikap publik. Para pendengung menjadi bagian dari kepentingan politik jangka pendek: mengamankan kebijakan pemerintah. Para pendengung itulah yang pertama kali menyebarkan kabar tentang ambulans berlogo pemerintah DKI Jakarta yang berisi batu saat unjuk rasa pelajar sekolah menengah atas pekan lalu. Terekam oleh Drone Emprit, aplikasi pemantau percakapan di dunia maya, cuitan mereka itu lebih cepat beberapa jam dibanding akun resmi TMC Polda Metro Jaya. Sebagian di antaranya mengolok-olok Gubernur DKI Jakarta Anies Baswedan, yang mereka perangi sejak pemilihan Gubernur DKI 2017. Belakangan, polisi menyatakan kabar itu tidak benar. Dalam kasus seleksi calon pemimpin Komisi Pemberantasan Korupsi dan revisi Undang-Undang KPK, para pendengung menyebarkan agitasi bahwa lembaga itu dikuasai kelompok agama garis keras yang mereka sebut Taliban. Mereka menyebut Novel Baswedan, penyidik yang dikenal gigih mengusut pelbagai kasus korupsi jumbo, sebagai antek khilafah. Ketika timbul dukungan kepada KPK, mereka menyerang para pendukung itu dengan memberi mereka label pendukung khilafah. Sesungguhnya, para buzzer ini adalah produk gagal dari era kebebasan berpendapat. Memanfaatkan kemampuan menulis”sebagian di antara buzzer Jokowi adalah bekas wartawan”dan fanatisme pembacanya, mereka mengemas kabar bohong sedemikian rupa sehingga terlihat benar. Kadang disertakan pula bumbu berdasarkan sumber intelijen. Diterpa arus informasi yang masif dari para pendengung yang saling menggaungkan pesan, para pendukung Jokowi yang tidak melakukan verifikasi ikut-ikutan mendukung sikap tersebut dan menghujat mereka yang berbeda pandangan. Para pendengung agaknya punya hubungan kuat dengan penguasa dan aparat negara. Mereka bisa dengan mudah mendapatkan profil pihak yang dianggap sebagai lawan, seperti kartu tanda penduduk, nomor telepon, bahkan jenis telepon seluler yang digunakan. Dukungan pemerintah kepada buzzer pun terlihat dengan pemberangusan akun-akun yang punya sikap berbeda, yang dituding menyebarkan kabar bohong. Kolaborasi para buzzer dengan aparat negara ini pada akhirnya memperkuat kartel kekuasaan yang memberangus kebebasan berpendapat dan berbicara. Presiden Jokowi harus segera menertibkan para buzzer”yang sulit dipercaya keberadaannya tidak Presiden ketahui jika bukan dia kendalikan. Tanpa mereka pun, Jokowi sebenarnya tak perlu khawatir terhadap berbagai serangan di media sosial. Meraih dukungan 55,5 persen suara pada pemilihan umum lalu, Jokowi punya pengikut setia yang sebenarnya siap membelanya di media sosial. Seandainya kinerja Jokowi dalam lima tahun ke depan meningkat, terutama di berbagai bidang yang selama ini masih berponten merah, para pemilih niscaya akan terus membela Presiden. Pada era digital ini, tak salah jika seorang pejabat negara memiliki pasukan khusus di dunia maya untuk membantu pemenangan atau mempromosikan keberhasilan. Tapi, ketika pejabat negara membiarkan pendengungnya bertindak kelewat batas, sudah selayaknya kita mempertanyakan autentisitas kepemimpinannya. Anggota whatsapp (WA) Group yang menyebut dirinya, Saya aktivis 77-78 Bersama Alhilal (mantan atasan bung NP di Depnaker dan Rizal Ramli dan pernah merasakan tahanan di era Otoriter Soeharto menambahkan komentar dari akun twit @indraJPiliang itu. Misalnya, Bung Pigai ini ada bbrp tanda tanya tolong juga di jelaskan. Sdh dijadikan tersangka oleh kepolisian RI dan sdh di nyatakan DPO, kepolisian juga sudah mengeluarkan red notice ke Polisi Internasional, sampai sekarang belum di/tertangkap. Pada Hal jelas alamatnya di Australia. Artinya mereka patuh dan menghargai adat setempat, sehingga kemanapun mereka mereka merantau di seluruh pelosok Indonesia selalu diterima baik bahkan di Luar Negeri, Diaspora Minang banyak sekali yg menjadi Tokoh panutan diperbagai daerah. Bahkan dalam demo 21-22 Mei termasuk aksi mahasiswa beberapa Hari yang lalu Kita menyaksikan betapa sadisnya kekerasan yg diperbuat oleh aparat terhadap Peserta Aksi unjuk rasa, ibarat bola dikejar dikeroyok, dipukul Dan ditenda dgn sepatu lars kepala mahasiswa, bahkan ada 3 mati ditembak. Perantau asal Sumbar yang menjadi korban terdampak kerusuhan di Wamena, Papua takkan memiliki kesusahan untuk balik ke kampung halamannya. Baik melalui jalur darat atau laut, Pemerintah Provinsi (Pemprov) Sumbar dan aparat keamanan menyediakan berbagai alternatif, baik laut dan udara. Saat ini, lebih dari 100 perantau yang diprediksi ingin pulang ke Sumbar mengingat situasi di Wamena yang membuat mereka tak betah. Sampai sekarang data perantau yang ingin pulang ini masih belum pasti. Ada yang sudah daftar, kemudian batal. Kita tunggu data pasti malam ini, kata Wakil Gubernur (Wagub) Sumbar, Nasrul Abit, Senin (30/9/2019). Ia mengatakan sebagian dari perantau itu sebelumnya sudah punya usaha yang mapan dan aset di Wamena. Namun habis terbakar. Aset yang rusak akan diperbaiki oleh Kementerian Pekerjaan Umum dan Perumahan Rakyat (PUPR), banyak juga pertimbangan bagi mereka untuk meninggalkan Wamena, tutur Nasrul. Terkait dana kepulangan menggunakan kapal laut seperti dikutip dari Antara, Pemprov Sumbar akan mengupayakan menggunakan dana Badan Amil Zakat Nasional (Baznas). Nanti semua anggaran yang dikeluarkan akan diganti menggunakan uang bantuan dari seluruh masyarakat dalam rekening Sumbar Peduli Sesama, terangnya. Saat ini dana yang terkumpul di rekening Sumbar Peduli Sesama sekitar Rp300 juta-an juta dan diyakini akan terus bertambah mengingat banyak kelompok, lapisan atau organisasi lain melakukan hal serupa. Total dana yang dibutuhkan untuk memulangkan seluruh perantau beserta barang bawaan mereka berkisar di angka Rp4-5 miliar. Kapolda Sumbar Inspektur Jenderal (Irjen) Fakhrizal mengklaim, beberapa perantau asal Minang di Wamena telah menghubunginya dan meminta agar dipulangkan ke kampung halamannya masing-masing. Kami mengimbau masyarakat agar tidak terprovokasi dengan kejadian tersebut, jika perantau minang di Papua ingin pulang, kami akan memfasilitasi. Bapak Wakil Gubernur juga sudah ke sana untuk menjemput masyarakat, sebutnya. Dirinya menjelaskan, Polri telah berkoordinasi dengan Panglima TNI agar memfasilitasi kepulangan perantau menggunakan pesawat Hercules. Saya sudah berkoordinasi dengan Panglima agar bisa memfasilitasi dan Panglima bersedia untuk itu, sambungnya. Sementara untuk masyarakat Papua yang berada di Sumatera Barat dipastikan aman dan tidak ada masalah.Untuk masyarakat Papua yang ada di Sumbar saat ini aman dan merekapun nyaman berada disini, imbuh Fakhrizal. Seluruh perantau minang menyatakan pulang kampung. Mereka tidak mau lagi tinggal di Wamena walaupun sudah bertahun tahun mereka merantau di bumi cendrawasih itu. Wakil Gubernur Sumbar Nasrul Abit Dt.Malintang Panai mengatakan hal itu dalam jumpa pers, Senin 30/09 di kantor Gubernur Sumbar. Dikatakan, jumlah yang terdata saat ini terus bergerak, dari data terakhir ada 172 orang yang sudah berada di Jayapura dan 1.298 masih berada di Wamena, ujar Wagub Nasrul Abit didamping Sekdaprov, Drs Alwis, Kepala Biro Humas Drs.Jasman,MM, Ketua Baznas Provinsi Prof Syamsul Bahri Khatib dan beberapa OPD terkait. Wagub Nasrul Abit, menjelaskan perjalanannya ke Papua dan Wamena. Ketika bertemu dengan perantau di Wamena. Semua mereka ingin keluar dari Wamena. Tujuan pertama pengungsian di Jayapura dengan menggunakan hercules AU. Untuk pengangkutan, Danlanud Silas Papare Jayapura telah menyiapkan 3 unit pesawat yang siap membawa pengungsi ke Jayapura. Hanya saja kapasitas pesawat ini terbatas, hanya 200 orang, sebut Wagub. Jika jumlahnya lebih dari 200 orang, maka kita akan usahakan melalui kapal laut.Pemprov Sumbar akan berkoordinasi dengan pihak Pelni teknis dan biaya pemulangan. Wagub menambahkan perkiraan biaya yang dibutuhkan untuk kepulangan perantau minang ini sekitar Rp.2,5 M. Sedangkan Gubernur Irwan sebelumnya memperkirakan Rp.4 5 miliar. Lebih jauh Nasrul, untuk pemulangan ini tidak bisa diambilkan dari APBD dikarenakan tidak ada rincian rekening pada APBD yg bisa digunakan untuk itu. Untuk itu alternatif yang akan dilakukan adalah menggalang dana para donatur dan masyarakat melalui rekening Sumbar Peduli Sesama yang hingga saat ini sudah terkumpul sejumlah Rp433 jt. Dan besok malam (1/10/2019) akan dilaksanakan penggalangan dana di Hotel Balairung Jakarta dengan mengundang para tokoh-tokoh minang, ikatan perantau minang di Jabodetabek, Bupati/Walikota se Sumbar, BUMN dan BUMD yang ada di Sumatera Barat, ungkapnya. Kita bersyukur BAZNAS Sumbar siap menanggulangi dana yang dibutuhkan untuk kepulangan perantau minang, sambil menunggu penggalangan dana dari semua pihak, tegas Wagub Sumbar. Wagub Nasrul Abit juga menegaskan, Pemprov Sumbar hanya menanggung biaya kepulangan saja. Jika nanti ada perantau yang ingin kembali ke Wamena Pemprov Sumbar tidak akan menanggung biaya tersebut. (net/lin) sumber: detik.com/WA Group PUI/tempo.co/eramuslim.com/matasumbar.com/WARGA BERITA ONLINE"
Positif,,"Polda Papua Gelar Trauma Healing untuk Korban Kerusuhan di Wamena indopos.co.id “ Kerusuhan di Papua membuat sebagian masyarakat mengalami trauma. Dan butuh pendampingan untuk menyembuhkan trauma tersebut. Tim Trauma Healing Polda Papua melaksanakan kegiatan trauma healing atau pemulihan psikologi kepada para korban pengungsi kerusuhan di Wamena, di Mako Polres Jayawijaya, Senin (30/9/2019). Kepala Biro Penerangan Masyarakat (Karopenmas) Mabes Polri Brigjen Dedi Prasetyo menjelaskan, Polres Jayawijaya merupakan titik pengungsian warga yang kehilangan tempat tinggal pasca kerusuhan yang terjadi di kota wamena. Di hari kedua, terang Dedi, Tim Trauma Healing Polda Papua tidak sendiri, namun juga menggandeng personil TNI dan LSM trauma haeling yang ada di Wamena. Anak-anak yang ada di pengungsian sangat senang dan gembira menyambut kehadiran tim dengan banyak permainan yang di sungguhkan sesuai dengan umur masing masing anak, kata Dedi, saat dihubungi, Senin (30/9/2019). Dedi menerangkan, trauma haeling ditujukan kepada anak-anak korban dari kurusuhan yang terjadi di Wamena. Menurut Dedi, anak-anak merupakan kelompok yang paling rentan terhadap dampak trauma yang di timbulkan dari kerusuhan yang terjadi. Adapun tahapan yang di lakukan dalam giat truma haeling ini diataranya beramaian, game-game dan konseling terhadap anak yang traumanya berlebihan, terang Dedi. Kegiatan trauma healing ini juga diharapkan bisa mengurangi truma psisikis terhadap anak. Agar mereka kedepannya bisa menghilangkan truma kerusuhan yang terjadi. Dan mampu kembali berdiri serta mental mereka bisa pulih atas kejadian yang dialaminya. Giat trauma healing ini bukan sekali ini saja kami laksanakan, namun ini sudah hari kedua dan akan berlanjut lagi di beberapa titik pengungsian yang ada di kabupaten jayawijaya, ungkap Dedi. Selain itu, kata Dedi, salah satu pengungsi atas nama Ibu Rita menyampaikan sangat bersyukur atas kegiatan truma haeling ini yang dimana anak-anak bisa menikmati perminannya. Harapanya dengan kegiatan truma haeling ini kedepan bisa melupakan bahkan menghilangkan rasa truma atas kejadian yang dialaminya, tutur Dedi. Dedi menyampaikan, Wakil Ketua Bhayangkari Cabang Jayawijaya mengucapkan terima kasih atas bantuan yang di berikan oleh Tim Truma Healing Polda Papua untuk membantu anak-anak korban kerusuhan yang mengungsi di Polres Jayawijaya. Kegiatan truma healing ini bisa menghilangkan rasa truma yang di alami anak-anak. Semoga dengan berlangsungnya kegiatan ini anak-anak bisa melupakan kesedihan yang mereka rasakan selama ini, tandas Dedi. (bar)"
Positif,"Kerusuhan di Wamena Tak Kunjung Selesai, ini Desakan Akademisi indopos.co.id","Kerusuhan di Wamena Tak Kunjung Selesai, ini Desakan Akademisi indopos.co.id “ Para akademisi meminta pemerintah cepat bertindak mengatasi kerusuhan di Wamena. Salah satunya menangani kasus rasisme yang kerap menimpa masyarakat di ujung timur Indonesia ini. Pemerintah juga harus segera membuka dialog kepada tokoh-tokoh masyarakat di wilayah tersebut.Pengamat Kebijakan Publik, Trubus Rahadiansyah mengatakan, tidak pernah usainya konflik di Papua akibat kurang masifnya penyelesaian yang dilakukan pemerintah pusat. Baik dari sektor pendidikan, perekonomian, lapangan pekerjaan, hingga kesehatan, serta infrastruktur. Akibatnya konflik tersebut terus muluas dan bertambah besar.Penyelesaiannya setengah-setengah, dan ini akan terus menyulut warga disana menuntut keadilan. Mungkin jika penyelesaiannya masif tidak akan terjadi masalah ini. Harunya ini di evaluasi sama pemerintah, katanya saat dikonfirmasi, Senin (30/9). Dijelaskan Trubus, ada beberapa persoalan klasik yang terus terjadi dan menimpa masyarakat Papua. Diantaranya, persoalan rasisme, kesehatan dan pendidikan, serta lapangan pekerjaan. Ketertinggalan pembangunan selama puluhan tahun membuat komunikasi masyarakat di daerah tersebut pun tak berjalan.Ini dapat dibuktikan terhadap pelayanan dan perhatian pemerintah di Papua masih sangat kurang. Sementara kekayaan alam di sana terus dikeruk tanpa memberikan kesempatan kepada warga untuk mengekplorasikannya. Disini sebenarnya titik persoalan di tanah papua tidak pernah berhenti, paparnya. Dengan terjadinya kerusuhan di Wamena, sambung Trubus, pemerintah disarankan seger membuka dialog kepada tokoh masyarakat Papua. Kemudian, menyelesaikan permasalahan yang dihadapi masyarakat pulau tersebut tanpa menyertakan politik. Sebab, kata dia, intelektual masyarakat di ujung timur Indonesia ini sangat tinggi.Ajak mereka diskusi, tanya apa keinginan mereks dan sampaikan apa yang dapat diberikan pemerintah. Semua kuncinya musyawarah dan komunikasi. Mereka juga punya hak dan kewajiban yang sama dengan warga di pulau yang ada di Indonesia, imbuhnya. (cok)"
Negatif,"Seruan Moral Komisi Kerasulan Awam Konferensi Wali Gereja Indonesia, ","Seruan Moral Komisi Kerasulan Awam Konferensi Wali Gereja Indonesia, Merawat Demokrasi Citizen Reporter Sekretaris Eksekutif Komisi Kerawam KWI Rm. PC. Siswantoko Seruan Moral Komisi Kerasulan Awam Konferensi Wali Gereja Indonesia, Merawat Demokrasi PONTIANAK - Dinamika hidup berbangsa akhir-akhir ini diwarnai dengan penyampaian aspirasi masyarakat terkait rencana DPR untuk mengesahkan beberapa RUU yang masih mengandung banyak kelemahan dan perlu disempurnakan lagi. Dalam alam demokrasi, demonstrasi sebagai aktualisasi hak untuk berkumpul dan menyampaikan pendapat dijamin dan dilindungi oleh undang-undang. Namun sangat disayangkan, demonstrasi yang terjadi diberbagai daerah banyak yang berujung pada kekerasan dan kericuhan. Terkait dengan hal itu, Komisi Kerasulan Awam (Kerawam) KWI) menyampaikan beberapa seruan sebagai berikut: 1. Mendukung setiap kegiatan penyampaian pendapat oleh masyarakat yang bertujuan untuk mewujudkan keadilan, kemajuan, dan kesejahteraan bangsa. Masyarakat sebagai bagian, bahkan pemilik kedaulatan bangsa ini memang sudah semestinya terlibat aktif dalam menjaga dan merawat negeri ini agar tetap kokoh, aman, dan damai sebagai rumah bersama bagi semua warga negara. 2. Mengutuk berbagai tindakan kekerasan yang mengatasnamakan demokrasi dan kepentingan masyarakat. Kekerasan, apalagi kerusuhan yang mengakibatkan jatuhnya banyak korban merupakan tindakan yang merendahkan martabat hidup dan merusak nilai-nilai demokrasi. Perwujudan kebebasan dalam berserikat, berkumpul dan menyampaikan pendapat harus berpegang teguh pada aturan yang berlaku dan memperhatikan kepentingan umum. Kekerasan apapun bentuknya tidak akan mampu menyelesaikan masalah, justru akan menambah penderitaan hidup masyarakat. 3. Mewaspadai pihak-pihak yang tidak bertanggungjawab dan ingin memanfaatkan keadaan. Saat ini ada begitu banyak pihak dengan berbagai kepentingan dan agenda, termasuk kepentingan untuk merongong Pancasila, memperlemah bangsa, dan memecah belah masyarakat."
Positif,Sisa Gas Air Mata di Jalan Tentara Pelajar Masih Terasa Pekat hingga Pukul 22.45 WIB JAKARTA,"Sisa Gas Air Mata di Jalan Tentara Pelajar Masih Terasa Pekat hingga Pukul 22.45 WIB JAKARTA, KOMPAS.com - Kawasan Palmerah terpantau mulai kondusif setelah kerusuhan demo pelajar dan mahasiswa reda pada pukul 22.45 WIB, Senin (30/9/2019). Tidak terlihat lagi adanya bentrokan antara aparat dengan massa demonstran. Namun, sisa-sisa gas air mata terasa sangat pekat, terutama di Jalan Tentara Pelajar. Begitu melintas, mata akan terasa sangat perih, begitu juga dengan hidung dan mulut. Di jalanan terlihat polisi yang semula mendorong massa mulai berangsur mundur ke arah Gedung DPR RI. Sementara anggota TNI masih berkeliling melakukan penjagaan Memasuki kawasan Pasar Palmerah, warga tampak mulai membuka lapak-lapak mereka sambil membicarakan kerusuhan yang terjadi. Berdasarkan keterangan seorang warga di Stasiun Palmerah, beberapa demonstran yang terluka ataupun sesak nafas sempat diistirahatkan di masjid sekitar Pasar. "" Udah dibawa semua ke Rumah Sakit Bakti Mulya, tadi pakai ambulans,"" kata warga tersebut kepada Kompas.com. Dikatakannya, warga-warga tersebut menderita sesak napas karena terlalu banyak menghisap gas air mata, dan ada pula yang terluka. ""Tadi mulai amannya sekitar jam 21.00 WIB,"" ucapnya."
Positif,"4.137 Orang Keluar dari Wamena ke Jayapura Gelombang pengungsi Wamena, yang mengungsi ke Jayapura, terus bertambah","4.137 Orang Keluar dari Wamena ke Jayapura Gelombang pengungsi Wamena, yang mengungsi ke Jayapura, terus bertambah. Hingga Senin (30/9) siang, jumlah pengungsi dari Wamena, yang tiba di Base Ops Lanud Silas Papare Jayapura, berjumlah lebih dari 4.000 orang. Untuk mengangkut para pengungsi yang masih berada di Bandara Wamena, TNI Angkatan Udara menyediakan 2 pesawat hercules. Jumlah pengungsi yang di posko penampungan di Jayapura pun, bertambah dari 658 orang, menjadi 725 orang. Polri Tetapkan 5 Tersangka Kerusuhan di Wamena Polri menetapkan 5 orang sebagai tersangka kerusuhan di Wamena, Kabupaten Jaya Wijaya, Papua. Sebagian besar tersangka berasal dari luar Wamena. Polri belum memerinci peran masing-masing tersangka, karena masih memprioritaskan perbaikan fasilitas umum yang rusak akibat kerusuhan. Polri menyebut, kondisi di Wamena saat ini sudah kondusif. Polri dan TNI juga terus berkomunikasi dengan kepala suku, untuk menjamin keamanan di Wamena. Pengungsi bisa kembali ke Wamena, jika kondisi semakin membaik."
Negatif,"Warga pegunungan Papua diminta jangan termakan isu, terkait demo rusuk Wamena Jayapura (ANTARA)","Warga pegunungan Papua diminta jangan termakan isu, terkait demo rusuk Wamena Jayapura (ANTARA) - Sejumlah warga yang berdomisili di wilayah pegunungan tengah Papua diminta jangan termakan isu-isu yang tidak bertanggung jawab menyusul demonstrasi anarkis yang berujung kerusuhan di Wamena, Kabupaten Jayawijaya, Senin (23/9) ""Warga di wilayah pegunungan ini kita hanya dilemahkan dengan isu-isu yang tidak bertanggung jawab,"" kata Sekretaris Daerah (Sekda) Kabupaten Lanny Jaya, Provinsi Papua, Christian Sohilait melalui telepon selulernya dari Jayapura, Senin malam. Lanjut dia, jika dengar di sana ada isu pemalangan, di sana ada isu kejar orang pendatang, di sana ada isu penyisiran, isu ini yang membuat semua orang ketakutan baik orang asli Papua tapi juga orang pendatang. ""Saya selaku Sekda Lanny Jaya memberikan imbauan kepada seluruh warga di Lanny Jaya tapi juga diseluruh wilayah pegunungan Papua agar supaya jangan cepat termakan isu,"" ujarnya. Christian mengatakan, kalaupun ada isu-isu yang didengar bisa bertanya kepada pihak-pihak yang bisa memberikan klarifikasi. ""Kita punya imbauan di Lanny Jaya sudah sampaikan lewat Asisten I Sekda Lanny Jaya dan juga lewat gereja-gereja bahwa situasi ini sudah mulai normal kembali,"" ujarnya. Pada Kamis (26/9) Asisten I Sekda Lanny Jaya, Leteren Yigibalom bersama beberapa kepala-kepala bidang mengelilingi Kota Tiom dan menyampaikan kepada warga yang berjualan di pasar, tukang ojek dan pasar mama-mama untuk memberikan imbauan keamanan. Dia menegaskan, tidak ada eksodus mengenai orang pendatang keluar lalu ada penyerangan dari anggota kepada warga asli Papua itu tidak benar. Informasi bahwa kawan-kawan dari luar akan masuk dan memporak-porandakan kota ini karena dari PBB dan lain-lain itu juga tidak benar. ""Karena itu saya pikir warga di Lanny Jaya tapi juga di wilayah pegunungan Papua kembali beraktivitas seperti biasa,"" ujarnya. Aksi unjuk rasa berujung kerusuhan di Wamena, pada Senin, 23 September 2019 itu menyebabkan 33 orang meninggal dunia, baik warga pendatang maupun warga Papua. Pendemo juga merusak dan membakar ratusan bangunan milik pemerintah maupun swasta di daerah tersebut."
Negatif,"Ditembaki Gas Air Mata, Demonstran Bikin Posko Medis di Pom Bensin JAKARTA","Ditembaki Gas Air Mata, Demonstran Bikin Posko Medis di Pom Bensin JAKARTA - Posko medis demonstran anti-UU KPK, RKUHP serta RUU bermasalah lainnya di BNI Pejompongan ditembaki aparat kepolisian memakai gas air mata, Senin (30/9/2019) malam.Alhasil, posko medis demonstran dipindah ke pom bensin Pejompongan. Kekinian, posko medis mahasiswa dan pelajar tersebut kekurangan tenaga dan logistik, terutama oksigen.Kerusuhan ikut pecah di kawasan Bendungan Hilir, Jakarta Pusat, Senin (30/9/2019) malam. Kejadian ini merupakan rentetan kerusuhan imbas demonstrasi di kawasan gedung DPR RI.Dirawat di RSALSekitar pukul 21.50 WIB, massa aksi mulai berkumpul di sekitar Rumah Sakit Angkatan Laut (RSAL) Mintohardjo. Tak lama, kepolisian menembakan gas air mata ke arah kerumuman massa.Massa lantas berhamburan berlarian ke arah berlawanan dari arah kedatangan polisi. Pasukan TNI yang berjaga di sekitar RSAL langsung menutup gerbang.Mereka meminta agar orang-orang di dalam rumah sakit yang didominasi massa aksi sebelumnya agar tidak keluar.""Jangan keluar, kalau mau keluar, keluar sekalian. Masuk ke dalam semua jangan dekat pagar,"" ujar salah seorang petugas berpakaian marinir di lokasi, Senin (30/9/2019).Petugas TNI itu menganggap kalau massa mendekati pintu pagar, maka kepolisian akan mencurigai sebagai perusuh. Hal ini dianggap akan membahayakan korban yang sedang dirawat.""Kamu kasihan sama teman kamu yang lagi dirawat di dalam. Jangan ada yang ke luar,"" tegasnya.***"
Negatif,"Jakarta Memanas, Mobil di Depan Polsek Tanah Abang Dibakar Massa JAKARTA","Jakarta Memanas, Mobil di Depan Polsek Tanah Abang Dibakar Massa JAKARTA - Aksi demonstrasi yang digelar mahasiswa dan pelajar di sekitar DPR RI terlibat bentrok dengan aparat kepolisian. Buntut dari bentrokan itu meluas menjadi kerusuhan di beberapa lokasi di Jakarta, Senin (30/9/2019).Sebuah mobil terbakar yang terpakir di depan Polsek Metro Tanah Abang, Jakarta Pusat dibakar massa.""Iya, yang terbakar mobil (bukan Polsek Tanah Abang),"" kata salah satu petugas Damkar, Jakarta Pusat, Jujung dikonfirmasi, Senin (30/9/2019) malam.Menurut Jujung, aksi pembakaran mobil itu terjadi saat massa bentrok dengan aparat kepolisian sekitar pukul 22.00 WIB. Jujung menyampaikan, hingga kini kondisi belum kondusif sehingga polisi terus memukul mundur massa aksi.""Situasinya belum kondusif gitu sih masih dipukul mundur pihak kepolisian,"" ujar Jujung.Jujung mengatakan kawasan sekitar Tanah Abang pun kini juga dijaga ketat oleh pihan TNI dan warga yang membantu.Menurut Jujung hanya satu mobil yang dibakar oleh massa aksi.""Satu mobil, sudah padam,"" tutup Jujung.***"
